voornaam,aantal
Lina,45
Rania,17
Maya,16
Mayssa,14
Alice,13
Khadija,11
Alicia,11
Asma,9
Anna,9
Amal,8
Safae,8
Soraya,8
Basma,8
Kawtar,7
Israe,7
Antonia,6
Eliza,6
Nisa,5
Aïcha,5
Nora,5
Sonia,5
Chiara,5
Ariana,5
Clara,5
Ada,4
Beatrice,4
Johanna,4
Jinane,4
Iris,4
Esma,4
Jannat,4
Camélia,4
Masal,4
Assya,4
Miriam,3
Ioana,3
Feyza,3
Shayna,3
Zahra,3
Andreea,3
Asmae,3
Tuana,3
Maëlle,3
Leya,3
Zuzanna,3
Billie,3
Milena,3
Lola,3
Narjis,3
Hidaya,3
Youssra,3
Kadiata,3
Salimatou,3
Soumaya,3
Tenzin,3
Rana,3
Fatma,3
Saja,3
Erin,3
Ikram,3
Nicole,3
Safiatou,3
Estelle,3
Rayhana,2
Yamina,2
Samanta,2
Luiza,2
Paula,2
Divine,2
Eliz,2
Alix,2
Constance,2
Elodie,2
Merve,2
Melissa,2
Amélie,2
Kenaya,2
Samya,2
Asia,2
Inayah,2
Sasha,2
Salsabil,2
Hilal,2
Margot,2
Ceyda,2
Liya,2
Josephine,2
Yara,2
Norhane,2
Nikola,2
Lujain,2
Wiem,2
Hira,2
Anna-Maria,2
Maysam,1
Houyam,1
Anela,1
Allégresse,1
Meyssen,1
Nawar,1
Aya,29
Yasmine,25
Mariam,20
Malak,19
Salma,18
Assia,18
Inaya,17
Lucie,17
Ines,14
Hafsa,12
Léa,12
Manel,11
Kadiatou,10
Julia,10
Ana,9
Noor,9
Safia,8
Zoé,8
Elif,8
Myriam,8
Yasmina,8
Safiya,8
Zaynab,7
Laura,7
Sophia,7
Alessia,7
Manon,7
Hiba,7
Firdaws,6
Mira,6
Neyla,6
Lara,6
Aliya,6
Jana,5
Zineb,5
Adelina,5
Ilaf,5
Nina,5
Aissatou,5
Dounia,5
Afnane,4
Jihane,4
Bianca,4
Anastasia,4
Aliyah,4
Nihal,4
Gloria,4
Andrea,4
Rahela,4
Inas,4
Noémie,4
Margaux,4
Rose,3
Zehra,3
Halima,3
Hiranur,3
Nadine,3
Carolina,3
Leyna,3
Alae,3
Hadja,3
Soukayna,3
Karolina,3
Leonor,3
Hanna,3
Lilya,3
Flore,3
Emy,3
Soukaïna,3
Leyla,3
Israa,3
Eleana,2
Mélina,2
Erva,2
Nathalie,2
Lucia,2
Fidan,2
Rosalie,2
Elza,2
Diana,2
Eliane,2
Kamélia,2
Jia,2
Lyn,2
Sakina,2
Almira,2
Damla,2
Kelya,2
Louna,2
Pola,2
Hind,2
Emily,2
Raniya,2
Lio,2
Eléna,2
Patricia,2
Jemima,2
Emmy,2
Eline,2
Abrar,2
Nour,46
Amira,27
Maryam,23
Amina,18
Hajar,16
Victoria,14
Meryem,14
Dina,14
Chloé,13
Tasnim,13
Elisa,12
Nada,10
Olivia,10
Miray,8
Mariama,8
Fatoumata,8
Daria,8
Adama,8
Rim,7
Maïssa,7
Hazal,6
Isra,6
Janna,6
Safa,5
Assiya,5
Samia,5
Anaïs,5
Nisrine,5
Irem,4
Sena,4
Valentine,4
Amalia,4
Capucine,4
Eliana,4
Leila,4
Rebecca,4
Ritaj,4
Ecrin,3
Lila,3
Ahlam,3
Bayane,3
Kayla,3
Amélia,3
Héloïse,3
Lana,3
Mia,3
Hannah,3
Karen,2
Tania,2
Elissa,2
Eylul,2
Emna,2
Houda,2
Sudenaz,2
Maia,2
Nayla,2
Séphora,2
Tugba,2
Jill,2
Binta,2
Céline,2
Bayan,2
Emmanuella,2
Halimatou,2
Lylia,2
Anais,2
Suzie,2
Lucille,2
Assinate,2
Hasna,2
Nélia,2
Dania,2
Zoe,2
Aleksandra,2
Hadasa,2
Bintou,2
Angie,2
Asmaou,2
Nouhayla,2
Inés,2
Alegria,2
Aissata,2
Kaoutar,2
Eléonore,2
Paulina,2
Aïssatou,2
Helin,2
Nur,2
Anaëlle,2
Anouk,2
Dea,2
Najwa,2
Rym,2
Celina,2
Célestine,2
Aliana,2
Jennifer,2
Makoura,1
Kamila,1
Wendkuni,1
Sarah,31
Sofia,30
Maria,17
Emma,14
Inès,13
Imane,9
Azra,9
Kenza,8
Manal,8
Dalia,7
Sophie,7
Sila,7
Eva,6
Joyce,6
Valentina,6
Tasnime,6
Erica,6
Helena,5
Serena,5
Maissa,5
Mila,5
Rahma,5
Mellina,5
Zeyneb,5
Angelina,5
DOUBLON,5
Grace,4
Stella,4
Charlotte,4
Naïla,4
Camelia,4
Eunice,4
Iliana,4
Sanae,4
Gabriela,4
Selin,4
Oumou,4
Wiam,4
Naya,4
Carla,3
Ela,3
Jade,3
Melek,3
Naomi,3
Ilinca,3
Farah,3
Meriem,3
Jeanne,3
Emilie,3
Hanae,3
Samira,3
Ibtissam,3
Erza,3
Yasmin,3
Sham,3
Elanur,3
Ani,3
Nadia,3
Lisa,3
Alyssa,2
Maëlys,2
Lilou,2
Ella,2
Fanta,2
Chaïma,2
Yagmur,2
Cassandre,2
Sefora,2
Warda,2
Abigaelle,2
Nawel,2
Kylie,2
Liliana,2
Stephanie,2
Ema,2
Théa,2
Hava,2
Eden,2
Ambre,2
Lea,2
Eslem,2
Morgane,2
Laya,2
Chada,2
Mayssane,2
Rayhane,2
Cloé,2
Eve,2
Iga,2
Esila,2
Jennah,2
Hanane,2
Lyna,2
Rokaya,2
Doaa,2
Annabelle,2
Destiny,2
Maysa,2
Vlera,2
Emilia,2
Sara,35
Fatima,24
Louise,12
Zeynep,12
Marwa,10
Sirine,10
Amelia,9
Lena,9
Elena,9
Asya,8
Camille,8
Insaf,8
Melina,8
Giulia,8
Yousra,7
Yaren,7
Selma,7
Alexandra,7
Lilia,6
Alexia,6
Anissa,6
Alina,6
Elisabeth,6
Juliette,6
Pauline,5
Sabrine,5
Célia,5
Hawa,5
Denisa,5
Amel,4
Aylin,4
Nihad,4
Assil,4
Selena,4
Debora,4
Esra,3
Raluca,3
Sabrina,3
Daniela,3
Selen,3
Melisa,3
Tess,3
Berfin,3
Gabriella,3
Sephora,3
Maïssane,3
Safaa,3
Luna,3
Alicja,3
Wiktoria,3
Karina,2
Clémence,2
Martina,2
Livia,2
Kendra,2
Marie,2
Mame,2
Oria,2
Laure,2
Nawal,2
Amanda,2
Klara,2
Nourane,2
Kiara,2
Lily,2
Sherine,2
Rodayna,2
Ranya,2
Suzanne,2
Meva,2
Marilou,2
Beyza,2
Alisha,2
Ferdaous,2
Talia,2
Gizem,2
Aline,2
Nehir,2
Iasmina,2
Islem,2
Ikra,2
Firdaous,2
Maïmouna,2
Nasrine,2
Naila,2
Arwa,2
Glory,2
Chanel,2
Elyna,2
MINUTE,2
Alma,2
Ibayatou,1
Cattleya,1
Lorisa,1
Stecy,1
Lise,1
Savannah,1
Nana,1
Imran,1
Lamia,1
Zainab,1
Eveline,1
Rita,1
Ylenia,1
Eishal,1
Luna-Asya,1
Tarah,1
Racha,1
Mona,1
Azara,1
Laetitia,1
Lily-Rose,1
Eléa,1
Ngoné,1
Sahada,1
Dilaja,1
Israae,1
Djelo,1
Karima,1
Yuting,1
Alaê,1
Benita,1
Marinna,1
Sajida,1
Ionela,1
Alissia,1
Sawsene,1
Simone,1
Rihanae,1
Simbi,1
Sibylle,1
Carelle,1
Rahmatoulaye,1
Rébecca,1
Fidji,1
Auriane,1
Esmanur,1
Balkis,1
Roaa,1
Erika,1
Hanya,1
Noguem,1
Zayna,1
Douhae,1
Abigaël,1
Eria,1
Saloua,1
Maram,1
Inci,1
Sümeyye,1
Priscilia,1
Joanna,1
Enise,1
Djida,1
Chilo,1
Fatoş,1
Ounayssa,1
Chelsea,1
Tenin,1
Taomé,1
Wiham,1
Sierte,1
Norehane,1
Mayla,1
Selva,1
Genesa,1
Gulce,1
Colette,1
Lalla-A'Ichatou,1
Marcia,1
Eléonora,1
Kimora,1
Belinay,1
Yasemin,1
Kelyane,1
Anaisa,1
Wissem,1
Sadim,1
Acia,1
Elvira,1
Lejla,1
Brina,1
Pavneet,1
Saida,1
Léana,1
Armandine,1
Kouemo,1
Mahyra,1
Aurore,1
Ilaaphe,1
Aurélia,1
Wissale,1
Siwar,1
Nidae,1
Djenabou,1
Rouguiatou,1
Zoya,1
Elifada,1
Meerab,1
Laísa,1
Linda,2
Naomie,2
Saran,2
Jenna,2
Audrey,2
Louisa,2
Mariana,2
Evelyn,2
Salomé,2
Zayneb,2
Daphné,2
Esin,2
Adélie,2
Annaëlle,2
Inssaf,2
Defne,2
Ana-Maria,2
Eloïse,2
Yosra,1
Octave,1
Jessica,1
Thayna,1
Aida,1
Ralya,1
Elahya,1
Loeva,1
Simina,1
Tabita,1
Rozalia,1
Courtney,1
Sehajpreet,1
Noor-Hanna,1
Elizabela,1
Nourhan,1
Fedora,1
Oumaïma,1
Fatima-Zahra,1
Lelia,1
Romaissae,1
Shanna,1
Miral,1
Juno,1
Fatimata,1
Ezmira,1
Serifa,1
Nedjrin,1
Joceline,1
Timea,1
Kadija,1
Magda,1
Elifnisa,1
Mazarine,1
Marie-Alice,1
Sylwia,1
Romaysae,1
Siham,1
Panayota,1
Maxime,1
Elmira,1
Makkah,1
Matilde,1
Valerica,1
Sânaa,1
Gradiella,1
Dorota,1
Maëlyce,1
Bothayna,1
Mayssene,1
Salamata,1
Rüveyda,1
Nima,1
Cemre,1
Lamiae,1
Prielle,1
Anshika,1
Rafaëlle,1
Ezra,1
Orlynaë,1
Philippa,1
Chaahd,1
Helen,1
Dunya,1
Aryna,1
Kendice,1
Manessa,1
Gabrielle,1
Habiba,1
Melda,1
Mariyam,1
Ramatoullaye,1
Dorina,1
Sundus,1
Nolène,1
Gönül,1
Lucía,1
Kiswendsida,1
Eglantine,1
Valeria,1
Ravza,1
Bella,1
Zala,1
Vanessa,1
Désire,1
Marie-Claire,1
Mayllis,1
Maide,1
Estera,1
Lale,1
Johaina,1
Farrah,1
Jara,1
Chaymae,1
Miad,1
Nahïla,1
Miracle,1
Avantika,1
Diama,1
Aathmiga,1
Leea,1
Hassanatou,1
Christina,1
Elsy,1
Raïssa,1
Diane-Laure,1
Liyan,1
Lexie,1
Maira,1
Jessy,1
Aleesha,1
Mélyna,1
Istabrak,1
Sedef,1
Margas,1
Fadela,1
Leandra,1
Jasmine,1
Ekaterina,1
Isaura,1
Dikra,1
Arwen,1
Hawaou,1
Adah,1
Sinaï,1
Eliany,1
Bisan,1
Ejrin,1
Seren,1
Cleopatra,1
Manelle,1
Safiyya,1
Violetta,1
Lexia,1
Bethanie,1
Aylén,1
Najoua,1
Sabria,1
***Minute,1
Andrada,1
Neela,1
Agatha,1
Delia,1
Lenha-Paula,1
Laora,1
Jawna,1
Emmancia,1
Ermiran,1
France,1
Doris,1
Syanna,1
Amendine,1
Alesia,1
Inga,1
Euodia,1
Namina,1
Nesrine,1
Zofia,1
Arya,1
Haya,1
Christellevie,1
Adela,1
Zeyna,1
Amale,1
Chaima,1
Joudy,1
Nasrallah,1
Roxana,1
Omnia,1
Efremia,1
Lovis,1
Hortense,1
Leona,1
Guelliana,1
Marie-Franck,1
Diarai,1
Kamelia,1
Hélène,1
Charlie,1
Trinita,1
Anne,1
Inase,1
Cemile,2
Naelia,2
Arij,2
Bernice,2
Mounia,2
Elise,2
Natalia,2
Ayline,2
Shalom,1
Cassie,1
Akasya,1
Hope,1
Nena,1
Busra,1
Elmedina,1
Jazzlyn,1
Zaineb,1
Shahineze,1
Benie,1
Lente,1
Fenne,1
Oumaima,1
Rose-Marie,1
Kethia,1
Ida,1
Nesrin,1
Sorina,1
Cataleya,1
Luce,1
Kymia,1
Lillyam,1
Hasena,1
Aylla,1
Lizie,1
Ntsama,1
Brankica,1
Belinda,1
Alba,1
Ellyn,1
Exhaussé,1
Héba,1
Nahla,1
Elira,1
Kardelen,1
Séfora,1
Jeanely,1
Judith,1
Danaelle,1
Almass,1
Hapsa,1
Amandine,1
Hafsatou,1
Jihène,1
Botoko,1
Christianna,1
Issrae,1
Teodora,1
Damaris,1
Divine-Emy,1
Diya,1
Anaelle,1
Anne-Marie,1
Rahil,1
Moudatou,1
Micheline,1
Johayna,1
Namissatta,1
Belemir,1
Djouliana,1
Thatyloïs,1
Isabelle,1
Kardjata,1
Ashlynn,1
Ayşe,1
Biana,1
Marliyatou,1
Horshell,1
Gracya,1
Amely,1
Havin,1
Liah,1
Sebahat,1
Shahinèze,1
Tenzin-Dolker,1
Cristina,1
Leslie,1
Coline,1
Becky,1
Aiyana,1
Yollanda,1
Issabelle,1
Maria-Nora,1
Tegra,1
Fionnuala,1
Charline,1
Lyana,1
Megne,1
Walidah,1
Maëly,1
Asiyah,1
Zuhal,1
Lumina,1
Hania,1
Yorobo-Sitan,1
Thalia,1
Kenzy,1
Nuray,1
Nadira,1
Allysèa,1
Dagmara,1
Jannate,1
Cynthia,1
Douah,1
Zanaib,1
Phylyana,1
Kerene,1
Erona,1
Rayana,1
Nolwen,1
Elisende,1
Etia,1
Rafiatou,1
Giselle,1
Gaëlle,1
Larine,1
Larin,1
Ihssane,1
Iman,1
Aurelia,1
Plamedy,1
Carina,1
Gokkiz,1
Almina,1
Assiatou,1
Sohane,1
Fanny,1
Yolaine,1
Berinay,1
Makani,1
Soumeya,1
Prescillia,1
Tchouze,1
Kellyana,1
Simay,1
Cordellia,1
Hanifenur,1
Florina,1
Klaudia,1
Jovine,1
Anita,1
Zaneza,1
Stinne,1
Liva,1
Zia,1
Roumayssa,1
Maé,1
Kira,1
Liv,1
Greta,1
Penda,1
Ayélé,1
Jeanella,1
Maxine,1
Guzel,1
Aurélie,1
Minerva,1
Joséphine,1
Loena,1
Benyssa,1
Ceren,1
Kimyah,1
Gwenaëlle,1
Shiloh,1
Melinda,1
Alaa,1
Joudia,1
Lonika,1
Antonella,1
Félicie,1
Niko,1
Meredith,1
Amaia,1
Izel,1
Imani,1
Hadija,1
Mayssen,1
Amâna,1
Edna,1
Keza-Aël,1
Gamze,1
Yaël,1
Lilyane,1
Nouhou,1
Tatiana,1
Djesi,1
Sinaya,1
Nattia,1
Narjiss,1
Elynn,1
Noélie,1
Inaaya,1
Leïla,1
Orlane,1
Sabrya,1
Maelle,1
Sultan,1
Diouariatou,1
Khassandra,1
Elikya,1
Pamela,1
Pera,1
Noha,1
Nazli,1
Janat,1
Céliya,1
Juliana,1
Sakeena,1
Winner,1
Aïsha,1
April,1
Yelyzaveta,1
Elina,1
Saami,1
Viana,1
Laila,1
Medine-Gül,1
Ceylin,1
Gwenn,1
Elea,1
Kexin,1
Believe,1
Princess,1
Asmaa,1
Georgine,1
Olive,1
Sulaf,1
Meyline,1
Agata,1
Loïs,1
Iulia,1
Jomana,1
Dounya,1
Ilham,1
Axelle,1
Paolina,1
Lou,1
Elinor,1
Muntaha,1
Rüya,1
Hya,1
Kayleigh,1
Shanon,1
Maeva,1
Azhania,1
Isabel,1
Veronica,1
Julie,1
Ayisata,1
Tasneem,1
Aria,1
Kengne,1
Arielline,1
Shaikha,1
Alia,1
Caroline,1
Jadora,1
Mateninken,1
Beatriz,1
Sofi,1
Liyana,1
Emanuela,1
Yves,1
Manuella,1
Chancelvie,1
Shahd,1
Meltem,1
Nisrin,1
Lovelyn,1
Zalika,1
Hadjiratou,1
Tenzine,1
Celeste,1
Elli,1
Vasilena,1
Alienor,1
Suzan,1
Esterra,1
Sundos,1
Massah,1
Ella-Louise,1
Bronke,1
Zivanka,1
Katie,1
Marlyn,1
Mokam,1
Oumalkher,1
Rafi,1
Aysegül,1
Aicha,1
Elcana,1
Leonille,1
Gulatman,1
Isabella,1
Aliya-Layan,1
Kerith,1
Célya,1
Hemilly,1
Aaliyah,1
El,1
Hadil,1
Enoïyah,1
Eflin,1
Eda,1
Agathe,1
Allegra,1
Rosalinda,1
Sakura,1
Juhanah,1
Shekinah,1
Noéline,1
Maëla,1
Souhaïla,1
Faith,1
Shaima,1
Rebeca,1
Iremsu,1
Shirine,1
Felicia,1
Rut,1
Andréea,1
Ronesia,1
Maïssae,1
Hawwa,1
Wassila,1
Adriana,1
Tesnime,1
Hasfa,1
Jaëlle,1
Shaely,1
Fatima-Zohra,1
Eliorah,1
Léah,1
Fabianna,1
Mia-Lisa,1
Sunny,1
Kellycia,1
Marie-Nafi,1
Kübra,1
Camilia,1
Ehsan,1
Merveille,1
Małgorzata,1
Alyssia,1
Elsa,1
Dalya,1
Lorena,1
Naëlle,1
Izabela,1
Doussou,1
Kezya,1
Polly,1
Elife,1
María-Thérèsa,1
Rouguiyata,1
Nawell,1
Tulay,1
Jaidae,1
Domdjeu,1
Hayrunnisa,1
Calista,1
Brigitte,1
Luca,1
Deyna,1
Shahde,1
Azzurra,1
Cristiana,1
Ksenia,1
Fardaws,1
Maureen,1
Sym,1
Hinaya,1
Chehrazade,1
Kadidjatou,1
Aysha,1
Esmeralida,1
Jayna,1
Nilda,1
Lucky,1
Mahera,1
Bonnie,1
Alya,1
Zahraa,1
Bel'Olive,1
Elise-Marie,1
Anila,1
Roberta,1
Pokuaa,1
Annael,1
Annarh-Suzanne,1
Zeliha,1
Zeynar,1
Flavia,1
Mousba,1
Davina,1
Arianna,1
Stefania,1
Müge,1
Ngoc,1
Blendina,1
Yoldez,1
Lyanna,1
Océane,1
Maelann,1
Anfèl,1
Sayén,1
Sarra,1
Safoua,1
Safya,1
Nazan,1
Emmi,1
Rihana,1
Cyrielle,1
Miran,1
Carmela,1
Marta,1
Kadijatou,1
Mahya,1
Rawaa,1
Souhaila,1
Kloe,1
Dima,1
Haou,1
Niania,1
Layan,1
Asirah,1
Josefien,1
Liana,1
Zeinab,1
Kossoboua,1
Mabouhou,1
Elya,1
Smiley,1
Narimen,1
Sanaa,1
Sofija,1
Eryka,1
Sumaya,1
Marcelia,1
Ipek,1
Meylani,1
Tshounic,1
Aretouyap,1
Maysan,1
Jéa,1
Camilla,1
Altesa,1
Emine-Nur,1
Rubi,1
Sïana,1
Anfel,1
Magdalena,1
Jaël,1
Noriya,1
Dagzen,1
Zülâl,1
Mayare,1
Mel,1
Ayla,1
Nirvana,1
Delphine,1
Hanou,1
Mélynda,1
Nelia,1
Rital,1
Shu,1
Meyra,1
Line,1
Rupali,1
Amy,1
Elida,1
Maëva,1
Sanem,1
Solène,1
Hooriya,1
Siana,1
Méllina,1
Zaïna,1
Nelly,1
Alexsandra,1
Malya,1
Gaia,1
Erta,1
Zoelie,1
Eléanna,1
Sabrin,1
Soukaina,1
Layana,1
Nissrine,1
Mayssam,1
Selah,1
Gulfem,1
Manha,1
Abigail,1
Apolline,1
Clarisse,1
Maxima,1
Tewa,1
Sam,1
Akshadha,1
Meyssa,1
Riham,1
Viorica,1
Amana,1
Nayna,1
Edjé,1
Meryam,1
Rokya,1
Milla,1
Farida,1
Dudu,1
Afnan,1
Filippa,1
Cathlyn,1
Issra,1
Andra,1
Robin,1
Hassimiou,1
Élena,1
Kendal,1
Uma,1
Isuca,1
acte,1
Albane,1
Scarlet,1
Fahmiath,1
Margherita,1
Suzy,1
Fiene,1
Faïza,1
Trezy,1
Aden,1
Flaviana,1
Hera,1
Earlie,1
Alison,1
Caldie,1
Ylèf,1
Loula,1
Arife,1
Mara,1
Talya,1
Noa,1
Noreen,1
Simo,1
Urszula,1
Amber,1
Ashley,1
Djanka,1
Haisha,1
Büşra,1
Esmira,1
Marei,1
Livanur,1
Yoshuana,1
Elohim,1
Banesa,1
Isa,1
Bibi,1
Abigaëlle,1
Lilian,1
Joud,1
Nouria,1
Amelie,1
Tessa,1
Irène,1
Kheïra,1
Estrella,1
Sajae,1
Maroua,1
Annissa,1
Néhémie,1
Nancy,1
Abygaëlle,1
Leana,1
Christella,1
Lilli,1
Klaenza,1
Maella,1
Dila,1
Mélissa,1
Delya,1
Umutoni,1
Ounaysa,1
Derin,1
Noor-Fatima,1
Lize,1
Maiko,1
Janelle,1
Nono,1
Erlisa,1
Geanina,1
Enora,1
Osinachi,1
Khadidja,1
Enaëlle,1
Jinan,1
Sukran,1
Raouya,1
Melis,1
Elisabet,1
Lamar,1
Sojoud,1
Noheyla,1
Lia,1
Assitan,1
Bahar,1
Mourchida,1
Massonai,1
Kimya,1
Zakia,1
Ştefania,1
Aksel-Itegun,1
Zenab,1
Lois,1
Mélia,1
Sadia,1
Djihane,1
Levina,1
Yamur,1
Neïlla,1
Zhiqing,1
Kara-Tya,1
Alyessa,1
Joëlle,1
Shilow,1
Jihene,1
Ivy,1
Daniyah,1
Umaima,1
Sheyda,1
Vanesa,1
Amelya,1
Adelya,1
Lula,1
Omeya,1
Kailea,1
Selwa,1
Monica,1
Nangsel,1
Zohour,1
Anabia,1
Samar,1
Maria-Joss,1
Miryam,1
Keyana-Christina,1
Meyssae,1
Maeve,1
Tunani,1
Engie,1
Loane,1
Hilda,1
Soundouss,1
Eleonora,1
Jodia,1
Ophélia,1
Stinvy,1
Ilena,1
Mianda,1
Jeazmine,1
Majesty,1
Raphaëlla,1
Aminata,1
Iluna,1
Raguiata,1
Mía,1
Neyssa,1
Naa-Adjeley,1
Marianne,1
Sveva,1
Sènan,1
Âyine,1
Aquene,1
Martha,1
Akole,1
Maimouna,1
Ervarana,1
Agnès,1
Ouiame,1
Natali,1
Noheila,1
Nella,1
Mariame,1
Khawla,1
Meysse,1
Rayssa,1
Blair,1
Irini,1
Belma,1
Nergis,1
Bona,1
Artiana,1
Peniel,1
Adèle,1
Ruth,1
Batya,1
Noelia,1
Ruby,1
Ebru,1
Sondos,1
Zaïnab,1
Ava,1
Soundous,1
Nema,1
Zoha,1
Brianna,1
Aïda,1
Anabiya,1
El-Elyonne,1
Daba,1
Latifa,1
Adora,1
Sana,1
Zohra,1
Ange-Dalfi,1
Aymina,1
Victorié,1
Elizan,1
Heidi,1
Elonga,1
Milcah,1
Oznur,1
Leire,1
Aishah,1
Kinga,1
Houdiaye,1
Patricija,1
Malika,1
Amani,1
Béanda,1
Edith,1
Tian,1
Chayma,1
Lydia,1
Masi,1
Blessing,1
Daniella,1
Irena,1
Bahriye,1
Alisia,1
Rachel,1
Mayar,1
Solina,1
Jouri,1
Flavie,1
Nermine,1
Wassima,1
Nihed,1
Samaâ,1
Elizaveta,1
Mihaela,1
Hadiyatou,1
Chanis,1
Lya,1
Nasiya,1
Juanny,1
Oumalkhair,1
Rosalya,1
Celia,1
Blanca,1
Nilay,1
Karla,1
Salome,1
Mathilda,1
Rebecka,1
Maral,1
Maïwenn,1
Shéhérazade,1
Odi,1
Sawsan,1
Juwayria,1
Savia,1
Afiifa,1
Jahrreb,1
Gulbehar,1
Anaé,1
Hasije,1
Sawssen,1
Wagma,1
Joury,1
Teyssa,1
Leonela,1
Hâdiya,1
Kassandra,1
Ayse,1
Wissal,1
Waris,1
Cassandra,1
Paris,1
Preciosa,1
Roya,1
Azal,1
Yüsra,1
Alysse,1
Fagaye,1
Nafeesa,1
Nantenen,1
Agape,1
Esther,1
Shanley,1
Soline,1
Rhema-Precious,1
Maaika,1
Hoyam,1
Perla,1
Alexine,1
Britany,1
Skyler,1
Gisèle,1
Mady,1
Zina,1
Sahar,1
Ibtihal,1
Ngainkam,1
Annais,1
Ayesha,1
Fêne,1
Shabnam,1
Öykü,1
Alliyah,1
Kayra,1
Anelisse,1
Kimya-Eden,1
Radya,1
Marissa,1
Irisa,1
Huma,1
Zélie,1
Nejma,1
Belfin,1
Dâniya,1
Lilas,1
Élèna,1
Hannae,1
Émilie,1
Kyria,1
Urielle,1
Ayşenur,1
Romane,1
Elia,1
Kayonga,1
Grâce,1
Banin,1
Bioncé,1
Ilayda,1
Narjisse,1
