voornamen,aantal
Lina,45
Rania,17
Maya,16
Mayssa,14
Alice,13
Khadija,11
Alicia,11
Asma,9
Anna,9
Amal,8
Safae,8
Soraya,8
Basma,8
Kawtar,7
Israe,7
Antonia,6
Eliza,6
Nisa,5
Aïcha,5
Nora,5
Sonia,5
Chiara,5
Ariana,5
Clara,5
Ada,4
Beatrice,4
Johanna,4
Jinane,4
Iris,4
Esma,4
Jannat,4
Camélia,4
Masal,4
Assya,4
Miriam,3
Ioana,3
Feyza,3
Shayna,3
Zahra,3
Andreea,3
Asmae,3
Tuana,3
Maëlle,3
Leya,3
Zuzanna,3
Billie,3
Milena,3
Lola,3
Narjis,3
Hidaya,3
Youssra,3
Kadiata,3
Salimatou,3
Soumaya,3
Tenzin,3
Rana,3
Fatma,3
Saja,3
Erin,3
Ikram,3
Nicole,3
Safiatou,3
Estelle,3
Rayhana,2
Yamina,2
Samanta,2
Luiza,2
Paula,2
Divine,2
Eliz,2
Alix,2
Constance,2
Elodie,2
Merve,2
Melissa,2
Amélie,2
Kenaya,2
Samya,2
Asia,2
Inayah,2
Sasha,2
Salsabil,2
Hilal,2
Margot,2
Ceyda,2
Liya,2
Josephine,2
Yara,2
Norhane,2
Nikola,2
Lujain,2
Wiem,2
Hira,2
Anna-Maria,2
Maysam,1
Houyam,1
Anela,1
Allégresse,1
Meyssen,1
Nawar,1
Aya,29
Yasmine,25
Mariam,20
Malak,19
Salma,18
Assia,18
Inaya,17
Lucie,17
Ines,14
Hafsa,12
Léa,12
Manel,11
Kadiatou,10
Julia,10
Ana,9
Noor,9
Safia,8
Zoé,8
Elif,8
Myriam,8
Yasmina,8
Safiya,8
Zaynab,7
Laura,7
Sophia,7
Alessia,7
Manon,7
Hiba,7
Firdaws,6
Mira,6
Neyla,6
Lara,6
Aliya,6
Jana,5
Zineb,5
Adelina,5
Ilaf,5
Nina,5
Aissatou,5
Dounia,5
Afnane,4
Jihane,4
Bianca,4
Anastasia,4
Aliyah,4
Nihal,4
Gloria,4
Andrea,4
Rahela,4
Inas,4
Noémie,4
Margaux,4
Rose,3
Zehra,3
Halima,3
Hiranur,3
Nadine,3
Carolina,3
Leyna,3
Alae,3
Hadja,3
Soukayna,3
Karolina,3
Leonor,3
Hanna,3
Lilya,3
Flore,3
Emy,3
Soukaïna,3
Leyla,3
Israa,3
Eleana,2
Mélina,2
Erva,2
Nathalie,2
Lucia,2
Fidan,2
Rosalie,2
Elza,2
Diana,2
Eliane,2
Kamélia,2
Jia,2
Lyn,2
Sakina,2
Almira,2
Damla,2
Kelya,2
Louna,2
Pola,2
Hind,2
Emily,2
Raniya,2
Lio,2
Eléna,2
Patricia,2
Jemima,2
Emmy,2
Eline,2
Abrar,2
Nour,46
Amira,27
Maryam,23
Amina,18
Hajar,16
Victoria,14
Meryem,14
Dina,14
Chloé,13
Tasnim,13
Elisa,12
Nada,10
Olivia,10
Miray,8
Mariama,8
Fatoumata,8
Daria,8
Adama,8
Rim,7
Maïssa,7
Hazal,6
Isra,6
Janna,6
Safa,5
Assiya,5
Samia,5
Anaïs,5
Nisrine,5
Irem,4
Sena,4
Valentine,4
Amalia,4
Capucine,4
Eliana,4
Leila,4
Rebecca,4
Ritaj,4
Ecrin,3
Lila,3
Ahlam,3
Bayane,3
Kayla,3
Amélia,3
Héloïse,3
Lana,3
Mia,3
Hannah,3
Karen,2
Tania,2
Elissa,2
Eylul,2
Emna,2
Houda,2
Sudenaz,2
Maia,2
Nayla,2
Séphora,2
Tugba,2
Jill,2
Binta,2
Céline,2
Bayan,2
Emmanuella,2
Halimatou,2
Lylia,2
Anais,2
Suzie,2
Lucille,2
Assinate,2
Hasna,2
Nélia,2
Dania,2
Zoe,2
Aleksandra,2
Hadasa,2
Bintou,2
Angie,2
Asmaou,2
Nouhayla,2
Inés,2
Alegria,2
Aissata,2
Kaoutar,2
Eléonore,2
Paulina,2
Aïssatou,2
Helin,2
Nur,2
Anaëlle,2
Anouk,2
Dea,2
Najwa,2
Rym,2
Celina,2
Célestine,2
Aliana,2
Jennifer,2
Makoura,1
Kamila,1
Wendkuni,1
Sarah,31
Sofia,30
Maria,17
Emma,14
Inès,13
Imane,9
Azra,9
Kenza,8
Manal,8
Dalia,7
Sophie,7
Sila,7
Eva,6
Joyce,6
Valentina,6
Tasnime,6
Erica,6
Helena,5
Serena,5
Maissa,5
Mila,5
Rahma,5
Mellina,5
Zeyneb,5
Angelina,5
DOUBLON,5
Grace,4
Stella,4
Charlotte,4
Naïla,4
Camelia,4
Eunice,4
Iliana,4
Sanae,4
Gabriela,4
Selin,4
Oumou,4
Wiam,4
Naya,4
Carla,3
Ela,3
Jade,3
Melek,3
Naomi,3
Ilinca,3
Farah,3
Meriem,3
Jeanne,3
Emilie,3
Hanae,3
Samira,3
Ibtissam,3
Erza,3
Yasmin,3
Sham,3
Elanur,3
Ani,3
Nadia,3
Lisa,3
Alyssa,2
Maëlys,2
Lilou,2
Ella,2
Fanta,2
Chaïma,2
Yagmur,2
Cassandre,2
Sefora,2
Warda,2
Abigaelle,2
Nawel,2
Kylie,2
Liliana,2
Stephanie,2
Ema,2
Théa,2
Hava,2
Eden,2
Ambre,2
Lea,2
Eslem,2
Morgane,2
Laya,2
Chada,2
Mayssane,2
Rayhane,2
Cloé,2
Eve,2
Iga,2
Esila,2
Jennah,2
Hanane,2
Lyna,2
Rokaya,2
Doaa,2
Annabelle,2
Destiny,2
Maysa,2
Vlera,2
Emilia,2
Sara,35
Fatima,24
Louise,12
Zeynep,12
Marwa,10
Sirine,10
Amelia,9
Lena,9
Elena,9
Asya,8
Camille,8
Insaf,8
Melina,8
Giulia,8
Yousra,7
Yaren,7
Selma,7
Alexandra,7
Lilia,6
Alexia,6
Anissa,6
Alina,6
Elisabeth,6
Juliette,6
Pauline,5
Sabrine,5
Célia,5
Hawa,5
Denisa,5
Amel,4
Aylin,4
Nihad,4
Assil,4
Selena,4
Debora,4
Esra,3
Raluca,3
Sabrina,3
Daniela,3
Selen,3
Melisa,3
Tess,3
Berfin,3
Gabriella,3
Sephora,3
Maïssane,3
Safaa,3
Luna,3
Alicja,3
Wiktoria,3
Karina,2
Clémence,2
Martina,2
Livia,2
Kendra,2
Marie,2
Mame,2
Oria,2
Laure,2
Nawal,2
Amanda,2
Klara,2
Nourane,2
Kiara,2
Lily,2
Sherine,2
Rodayna,2
Ranya,2
Suzanne,2
Meva,2
Marilou,2
Beyza,2
Alisha,2
Ferdaous,2
Talia,2
Gizem,2
Aline,2
Nehir,2
Iasmina,2
Islem,2
Ikra,2
Firdaous,2
Maïmouna,2
Nasrine,2
Naila,2
Arwa,2
Glory,2
Chanel,2
Elyna,2
MINUTE,2
Alma,2
Ibayatou,1
Cattleya,1
Lorisa,1
Stecy,1
Lise,1
Savannah,1
Nana,1
Imran,1
Lamia,1
Zainab,1
Eveline,1
Rita,1
Ylenia,1
Eishal,1
Luna-Asya,1
Tarah,1
Racha,1
Mona,1
Azara,1
Laetitia,1
Lily-Rose,1
Eléa,1
Ngoné,1
Sahada,1
Dilaja,1
Israae,1
Djelo,1
Karima,1
Yuting,1
Alaê,1
Benita,1
Marinna,1
Sajida,1
Ionela,1
Alissia,1
Sawsene,1
Simone,1
Rihanae,1
Simbi,1
Sibylle,1
Carelle,1
Rahmatoulaye,1
Rébecca,1
Fidji,1
Auriane,1
Esmanur,1
Balkis,1
Roaa,1
Erika,1
Hanya,1
Noguem,1
Zayna,1
Douhae,1
Abigaël,1
Eria,1
Saloua,1
Maram,1
Inci,1
Sümeyye,1
Priscilia,1
Joanna,1
Enise,1
Djida,1
Chilo,1
Fatoş,1
Ounayssa,1
Chelsea,1
Tenin,1
Taomé,1
Wiham,1
Sierte,1
Norehane,1
Mayla,1
Selva,1
Genesa,1
Gulce,1
Colette,1
Lalla-A'Ichatou,1
Marcia,1
Eléonora,1
Kimora,1
Belinay,1
Yasemin,1
Kelyane,1
Anaisa,1
Wissem,1
Sadim,1
Acia,1
Elvira,1
Lejla,1
Brina,1
Pavneet,1
Saida,1
Léana,1
Armandine,1
Kouemo,1
Mahyra,1
Aurore,1
Ilaaphe,1
Aurélia,1
Wissale,1
Siwar,1
Nidae,1
Djenabou,1
Rouguiatou,1
Zoya,1
Elifada,1
Meerab,1
Laísa,1
Linda,2
Naomie,2
Saran,2
Jenna,2
Audrey,2
Louisa,2
Mariana,2
Evelyn,2
Salomé,2
Zayneb,2
Daphné,2
Esin,2
Adélie,2
Annaëlle,2
Inssaf,2
Defne,2
Ana-Maria,2
Eloïse,2
Yosra,1
Octave,1
Jessica,1
Thayna,1
Aida,1
Ralya,1
Elahya,1
Loeva,1
Simina,1
Tabita,1
Rozalia,1
Courtney,1
Sehajpreet,1
Noor-Hanna,1